name,Train_MAE,Test_MAE,Train_MSE,Test_MSE,Train_RMSE,Test_RMSE,Train_R2,Test_R2
Xgboost,2.273882826087446,2.6160893361121245,19.24594081771515,17.560517898469072,4.387019582554328,4.19052716235906,0.9942637040990389,0.9952534271288639
DecisionTrees,2.2203742900139996e-16,1.7802896062888132,4.666524109985292e-30,12.374405867256407,2.1602139037570543e-15,3.5177273725029354,1.0,0.9966552228399216
RandomforestRegressor,1.979596609353155,2.0633878194439226,25.453722151078097,8.834198580373476,5.045168198492306,2.9722379750574275,0.9924134609254832,0.9976121337900014
GradientBoosting,10.652323799089952,10.82363612748643,211.4603930544833,229.41133366668743,14.541677793655149,15.146330699766443,0.9369737547578064,0.9379905752774874
LinearRegression,13.299186790428392,12.719577959126449,333.3623867759404,220.8943479752891,18.25821422746322,14.862514860389176,0.9006405916494726,0.9402926994779457
