name,Train_MAE,Test_MAE,Train_MSE,Test_MSE,Train_RMSE,Test_RMSE,Train_R2,Test_R2
Xgboost,2.273882826087446,2.6160893361121245,19.24594081771515,17.560517898469072,4.387019582554328,4.19052716235906,0.9942637040990389,0.9952534271288639
DecisionTrees,3.019987460255936e-16,1.779466821478687,1.1732448089763657e-29,12.239821180835232,3.4252661341512804e-15,3.4985455807857115,1.0,0.9966916008115242
RandomforestRegressor,0.3662228464207762,1.7009678122732623,2.519480183904426,8.014252649747524,1.5872870515141317,2.8309455398766548,0.9992490632706207,0.9978337635353546
GradientBoosting,10.652323799089933,10.823636127486424,211.46039305448278,229.41133366668663,14.541677793655131,15.146330699766416,0.9369737547578065,0.9379905752774876
LinearRegression,13.29991043476854,12.718132940610616,333.363141025806,220.86015685994937,18.258234882534676,14.861364569242939,0.9006403668436056,0.940301941268048
