name,Train_MAE,Test_MAE,Train_MSE,Test_MSE,Train_RMSE,Test_RMSE,Train_R2,Test_R2
Xgboost,2.273882826087446,2.6160893361121245,19.24594081771515,17.560517898469072,4.387019582554328,4.19052716235906,0.9942637040990389,0.9952534271288639
DecisionTrees,2.258693722205438e-16,1.7262117376294595,5.565009223991824e-30,9.176082001150748,2.3590271774593493e-15,3.0292048463500696,1.0,0.99751972338505
RandomforestRegressor,2.001143235380665,2.116707877235887,25.842888426466903,9.633358171408522,5.0835901119648605,3.103765160479852,0.992297469042756,0.997396122550672
GradientBoosting,10.652323799089922,10.82363612748642,211.46039305448258,229.41133366668623,14.541677793655126,15.146330699766404,0.9369737547578065,0.9379905752774877
LinearRegression,13.299186790428392,12.719577959126449,333.3623867759404,220.8943479752891,18.25821422746322,14.862514860389176,0.9006405916494726,0.9402926994779457
